{"test_loss": 46.92925786972046, "_timestamp": 1713835411.7101595, "_runtime": 131626.60941648483, "_step": 599, "test_acc": 42.74, "bst_acc": 42.74, "_wandb": {"runtime": 131626}}